zone,season,group,tau_mean,tau_eti_lo,tau_eti_hi,n_rows,n_catchers,divergences,r_hat_max,shadow_mean_resid
abs,2021,catcher,0.180436,0.144940,0.221403,52316,116,0,1.007361,-0.000722
abs,2021,umpire,0.199528,0.165776,0.238488,,,,,
abs,2021,pitcher,0.161671,0.123692,0.201911,,,,,
abs,2022,catcher,0.223866,0.186670,0.267618,50387,118,0,1.001764,-0.001750
abs,2022,umpire,0.199347,0.165888,0.238524,,,,,
abs,2022,pitcher,0.196979,0.155670,0.241617,,,,,
abs,2023,catcher,0.225710,0.185630,0.275499,50136,102,0,1.004632,-0.003021
abs,2023,umpire,0.219363,0.186039,0.260293,,,,,
abs,2023,pitcher,0.204276,0.163890,0.248218,,,,,
abs,2024,catcher,0.205872,0.167495,0.251468,49128,99,0,1.007435,-0.002198
abs,2024,umpire,0.230736,0.194479,0.273808,,,,,
abs,2024,pitcher,0.207755,0.165390,0.251783,,,,,
abs,2025,catcher,0.169468,0.134901,0.210564,48090,111,0,1.005996,-0.000542
abs,2025,umpire,0.198379,0.164537,0.237861,,,,,
abs,2025,pitcher,0.223612,0.182011,0.269391,,,,,
abs,2026,catcher,0.155157,0.120551,0.193429,42902,110,0,1.017947,-0.000872
abs,2026,umpire,0.156868,0.124773,0.192642,,,,,
abs,2026,pitcher,0.136789,0.079970,0.187828,,,,,
stance,2021,catcher,0.164748,0.130611,0.205910,52422,116,0,1.004899,0.001354
stance,2021,umpire,0.193939,0.161952,0.232159,,,,,
stance,2021,pitcher,0.177026,0.136940,0.219697,,,,,
stance,2022,catcher,0.204244,0.168611,0.247059,50955,118,0,1.004563,0.000693
stance,2022,umpire,0.196536,0.164563,0.234648,,,,,
stance,2022,pitcher,0.171068,0.130433,0.213187,,,,,
stance,2023,catcher,0.201065,0.164199,0.245530,50868,102,0,1.005480,0.002066
stance,2023,umpire,0.215920,0.180357,0.257129,,,,,
stance,2023,pitcher,0.187893,0.145688,0.230382,,,,,
stance,2024,catcher,0.183054,0.146051,0.225434,50338,100,0,1.003996,0.001325
stance,2024,umpire,0.215000,0.178739,0.255482,,,,,
stance,2024,pitcher,0.202153,0.161882,0.245110,,,,,
stance,2025,catcher,0.170987,0.136911,0.210203,47765,110,0,1.003978,0.000441
stance,2025,umpire,0.181102,0.149793,0.217677,,,,,
stance,2025,pitcher,0.196787,0.155660,0.240541,,,,,
