catcher,name,shadow_pitches,delta,delta_lo,delta_hi,runs,runs_lo,runs_hi,p_positive
624431,"Trevino, Jose",1827,0.087501,0.064249,0.112093,19.982959,14.672791,25.599203,1.000000
641680,"Heim, Jonah",1846,0.075948,0.051714,0.101572,17.525064,11.933098,23.437786,1.000000
553882,"Narváez, Omar",1906,0.062628,0.035693,0.086231,14.921099,8.503849,20.544419,1.000000
621512,"Nido, Tomás",1220,0.060404,0.031494,0.086781,9.211637,4.802851,13.234076,1.000000
518735,"Grandal, Yasmani",1355,0.052325,0.024357,0.079385,8.862529,4.125534,13.445917,1.000000
661531,"Serven, Brian",570,0.051192,0.015385,0.088516,3.647411,1.096190,6.306793,0.997000
547172,,77,0.050739,-0.016916,0.115049,0.488367,-0.162818,1.107346,0.934000
669087,,254,0.047895,-0.001198,0.095965,1.520680,-0.038047,3.046889,0.968000
669221,"Murphy, Sean",2334,0.047301,0.026215,0.070109,13.800141,7.648313,20.454259,1.000000
668939,"Rutschman, Adley",879,0.047192,0.016278,0.079135,5.185267,1.788506,8.694922,0.999000
663728,"Raleigh, Cal",1389,0.046180,0.018163,0.072480,8.017931,3.153521,12.584290,1.000000
572287,"Zunino, Mike",1297,0.044180,0.018386,0.070691,7.162759,2.980891,11.460704,0.999000
650619,,197,0.043948,-0.006543,0.096554,1.082223,-0.161124,2.377646,0.957000
543309,"Higashioka, Kyle",1316,0.042580,0.015277,0.071872,7.004430,2.513050,11.822980,0.999000
547379,"Pérez, Roberto",600,0.041895,0.004998,0.079948,3.142133,0.374842,5.996107,0.986000
518595,"d'Arnaud, Travis",1648,0.041015,0.015891,0.067305,8.449126,3.273465,13.864853,0.999000
641598,"Garver, Mitch",709,0.038289,0.005155,0.071389,3.393403,0.456857,6.326818,0.990000
444489,"Piña, Manny",569,0.035127,-0.001522,0.072486,2.498416,-0.108288,5.155589,0.967000
457763,"Posey, Buster",955,0.033522,0.003519,0.063010,4.001677,0.420060,7.521856,0.987000
669134,"Campusano, Luis",233,0.032019,-0.016168,0.077399,0.932543,-0.470886,2.254255,0.905000
605244,"Garcia, Aramis",649,0.030637,-0.002035,0.063865,2.485458,-0.165061,5.181049,0.964000
605131,"Barnes, Austin",1032,0.029785,0.001536,0.061382,3.842284,0.198116,7.918333,0.979000
664874,"Zavala, Seby",774,0.029513,-0.003495,0.062827,2.855363,-0.338134,6.078531,0.963000
624512,"McGuire, Reese",1420,0.028949,0.003823,0.052955,5.138530,0.678506,9.399511,0.993000
641511,"Delay, Jason",525,0.028721,-0.009335,0.065421,1.884810,-0.612630,4.293261,0.929000
672386,"Kirk, Alejandro",1114,0.028588,0.000371,0.059150,3.980810,0.051711,8.236587,0.976000
545358,"Stassi, Max",1774,0.027442,0.003229,0.049501,6.085325,0.716102,10.976802,0.989000
455117,"Maldonado, Martín",2376,0.026747,0.003286,0.051234,7.943952,0.976057,15.216546,0.989000
668721,,170,0.026617,-0.027286,0.074947,0.565619,-0.579821,1.592619,0.868000
425877,"Molina, Yadier",2046,0.025849,0.001578,0.051316,6.610805,0.403635,13.124159,0.985000
607345,,284,0.025273,-0.021162,0.066819,0.897179,-0.751259,2.372068,0.874000
543510,"McCann, James",1410,0.024843,-0.000485,0.052642,4.378568,-0.085412,9.278122,0.973000
595956,"Gallagher, Cam",554,0.024779,-0.013373,0.061946,1.715923,-0.926058,4.289762,0.914000
671056,,64,0.023939,-0.042161,0.086043,0.191516,-0.337289,0.688341,0.768000
668663,,496,0.023781,-0.014450,0.060825,1.474437,-0.895919,3.771163,0.889000
607732,"Stallings, Jacob",2130,0.023422,0.001394,0.045757,6.236108,0.371187,12.182717,0.981000
680777,"Jeffers, Ryan",1312,0.022260,-0.004264,0.048986,3.650643,-0.699217,8.033639,0.943000
543877,"Vázquez, Christian",2340,0.022162,-0.000639,0.045075,6.482446,-0.186846,13.184470,0.969000
623168,"Heineman, Tyler",529,0.020538,-0.014471,0.055836,1.358057,-0.956897,3.692128,0.868000
664850,,376,0.020001,-0.021024,0.058717,0.940025,-0.988145,2.759716,0.824000
644433,,39,0.019270,-0.044784,0.084279,0.093942,-0.218320,0.410859,0.712000
666163,,318,0.019228,-0.023533,0.062887,0.764310,-0.935431,2.499750,0.801000
543089,,29,0.018733,-0.051219,0.092284,0.067908,-0.185669,0.334528,0.704000
643348,,51,0.018539,-0.046355,0.083174,0.118183,-0.295514,0.530232,0.716000
519390,"Vogt, Stephen",765,0.018457,-0.013168,0.049673,1.764911,-1.259143,4.749963,0.885000
571466,"Barnhart, Tucker",2030,0.017166,-0.004638,0.039244,4.355748,-1.176774,9.958067,0.936000
595978,"Hedges, Austin",1763,0.016999,-0.007535,0.044219,3.746221,-1.660480,9.744754,0.899000
669257,"Smith, Will",2181,0.016056,-0.007648,0.039218,4.377297,-2.084934,10.691874,0.914000
592663,"Realmuto, J.T.",2649,0.014964,-0.008706,0.037127,4.955086,-2.882711,12.293565,0.901000
606213,,5,0.011520,-0.066347,0.084700,0.007200,-0.041467,0.052937,0.628000
605170,"Caratini, Victor",1955,0.011317,-0.012050,0.035174,2.765686,-2.944730,8.595711,0.823000
621532,,279,0.011102,-0.033889,0.057751,0.387166,-1.181893,2.014077,0.687000
595751,"Alfaro, Jorge",1231,0.010819,-0.015869,0.038122,1.664699,-2.441781,5.866058,0.779000
595453,"Wallach, Chad",265,0.009235,-0.036204,0.053486,0.305898,-1.199260,1.771712,0.649000
542963,,57,0.008286,-0.052393,0.073154,0.059039,-0.373302,0.521223,0.593000
543592,"Nola, Austin",1525,0.007434,-0.017960,0.033834,1.417098,-3.423552,6.449698,0.700000
593590,,220,0.007095,-0.041568,0.056827,0.195116,-1.143120,1.562752,0.603000
624513,"Nuñez, Dom",936,0.006408,-0.025232,0.038441,0.749720,-2.952133,4.497569,0.646000
645305,,11,0.005246,-0.066683,0.077004,0.007213,-0.091690,0.105880,0.543000
665861,,251,0.004999,-0.040791,0.048998,0.156832,-1.279817,1.537318,0.600000
663886,"Stephenson, Tyler",1190,0.004251,-0.023177,0.033685,0.632404,-3.447651,5.010606,0.600000
672515,"Moreno, Gabriel",172,0.004182,-0.050676,0.056833,0.089920,-1.089534,1.221913,0.561000
608700,"Plawecki, Kevin",944,0.003995,-0.025487,0.035436,0.471377,-3.007456,4.181426,0.603000
656494,,2,0.003499,-0.070101,0.082368,0.000875,-0.017525,0.020592,0.525000
668670,"Rogers, Jake",348,0.003492,-0.039061,0.045444,0.151884,-1.699145,1.976796,0.570000
543228,"Gomes, Yan",1728,0.003400,-0.020203,0.026165,0.734398,-4.363786,5.651598,0.611000
425772,,35,0.002348,-0.072449,0.074168,0.010273,-0.316963,0.324484,0.526000
608596,"Murphy, Tom",951,0.001997,-0.028801,0.031609,0.237371,-3.423741,3.757545,0.549000
662139,"Varsho, Daulton",650,0.001808,-0.033646,0.037342,0.146916,-2.733703,3.034055,0.532000
666128,,16,0.001619,-0.073509,0.070424,0.003237,-0.147019,0.140848,0.547000
608360,,49,0.001354,-0.062747,0.070892,0.008296,-0.384323,0.434214,0.509000
641929,,2,0.000915,-0.068575,0.065104,0.000229,-0.017144,0.016276,0.517000
656883,,1,0.000580,-0.077814,0.069821,0.000072,-0.009727,0.008728,0.533000
667674,,1,-0.000343,-0.075004,0.063206,-0.000043,-0.009375,0.007901,0.528000
665066,,1,-0.001059,-0.077880,0.086812,-0.000132,-0.009735,0.010851,0.481000
657136,"Wong, Connor",230,-0.002798,-0.051484,0.042815,-0.080436,-1.480165,1.230918,0.444000
657247,,5,-0.003088,-0.087545,0.080788,-0.001930,-0.054716,0.050492,0.460000
575929,"Contreras, Willson",1936,-0.003640,-0.026309,0.019911,-0.880770,-6.366822,4.818492,0.370000
621493,,4,-0.004165,-0.078351,0.067616,-0.002082,-0.039175,0.033808,0.466000
666023,"Fermin, Freddy",33,-0.004311,-0.066093,0.057151,-0.017782,-0.272635,0.235749,0.439000
571912,"Maile, Luke",668,-0.004532,-0.036231,0.028836,-0.378434,-3.025271,2.407834,0.390000
642165,,5,-0.004688,-0.080507,0.072846,-0.002930,-0.050317,0.045529,0.447000
572863,,261,-0.006928,-0.051289,0.038201,-0.226034,-1.673296,1.246302,0.376000
592200,"Casali, Curt",1080,-0.007632,-0.037909,0.019189,-1.030322,-5.117726,2.590524,0.323000
606988,,297,-0.007843,-0.052069,0.033889,-0.291190,-1.933055,1.258117,0.366000
506702,"León, Sandy",807,-0.008511,-0.040225,0.022608,-0.858581,-4.057710,2.280553,0.301000
605421,"Pérez, Michael",1087,-0.008600,-0.034995,0.020077,-1.168484,-4.754938,2.727947,0.280000
596142,"Sánchez, Gary",1833,-0.008708,-0.031096,0.014276,-1.995218,-7.124963,3.270973,0.237000
682626,"Alvarez, Francisco",14,-0.008742,-0.084668,0.059670,-0.015298,-0.148169,0.104423,0.417000
553869,"Díaz, Elias",2091,-0.009145,-0.034235,0.013107,-2.390361,-8.948228,3.425714,0.236000
660688,"Ruiz, Keibert",1332,-0.009288,-0.036587,0.017406,-1.546522,-6.091777,2.898080,0.258000
518960,,61,-0.009543,-0.078163,0.054772,-0.072767,-0.595993,0.417633,0.373000
650968,,22,-0.009607,-0.075952,0.058404,-0.026420,-0.208868,0.160610,0.382000
488771,"Castro, Jason",663,-0.009681,-0.043740,0.022582,-0.802278,-3.624922,1.871489,0.310000
663743,"Fortes, Nick",583,-0.009758,-0.046015,0.025748,-0.711134,-3.353341,1.876396,0.300000
542194,"Bethancourt, Christian",482,-0.009816,-0.048442,0.028920,-0.591426,-2.918630,1.742457,0.280000
650907,,248,-0.010099,-0.056451,0.035404,-0.313084,-1.749972,1.097510,0.324000
642020,,210,-0.010255,-0.060275,0.037933,-0.269184,-1.582210,0.995746,0.350000
668800,"Knizner, Andrew",1447,-0.010363,-0.037269,0.014383,-1.874411,-6.741043,2.601514,0.225000
519222,"Romine, Austin",613,-0.010841,-0.043605,0.022595,-0.830730,-3.341223,1.731359,0.265000
467092,,345,-0.011375,-0.055846,0.033327,-0.490535,-2.408345,1.437221,0.292000
664848,,3,-0.011739,-0.096462,0.069410,-0.004402,-0.036173,0.026029,0.379000
645444,"Herrera, Jose",466,-0.012713,-0.050060,0.027869,-0.740536,-2.916017,1.623365,0.256000
672832,,57,-0.012799,-0.074818,0.052938,-0.091190,-0.533078,0.377180,0.327000
656577,,348,-0.014874,-0.057066,0.025995,-0.647021,-2.482366,1.130793,0.233000
608348,"Kelly, Carson",1924,-0.015121,-0.039693,0.008795,-3.636584,-9.546166,2.115125,0.111000
666310,"Naylor, Bo",16,-0.015459,-0.082658,0.057845,-0.030918,-0.165317,0.115689,0.324000
663698,"Bart, Joey",881,-0.016166,-0.048768,0.017746,-1.780270,-5.370556,1.954309,0.156000
642851,"Wynns, Austin",959,-0.016295,-0.045153,0.013695,-1.953388,-5.412763,1.641717,0.129000
661388,"Contreras, William",1070,-0.017008,-0.046156,0.013468,-2.274874,-6.173363,1.801399,0.131000
664119,,55,-0.017268,-0.085872,0.046694,-0.118720,-0.590368,0.321022,0.322000
446653,,44,-0.017349,-0.081753,0.048433,-0.095418,-0.449639,0.266383,0.298000
681526,,46,-0.018323,-0.085191,0.049465,-0.105355,-0.489849,0.284423,0.309000
624419,,30,-0.019634,-0.087447,0.052838,-0.073628,-0.327927,0.198142,0.286000
602080,,23,-0.020365,-0.083742,0.042761,-0.058549,-0.240757,0.122938,0.267000
543308,,62,-0.021366,-0.078880,0.040273,-0.165586,-0.611321,0.312118,0.237000
543432,,81,-0.021653,-0.085831,0.036886,-0.219236,-0.869036,0.373470,0.241000
595284,"Knapp, Andrew",562,-0.022249,-0.056756,0.012313,-1.562999,-3.987116,0.864985,0.109000
600474,"Severino, Pedro",1220,-0.022364,-0.048520,0.004677,-3.410481,-7.399248,0.713299,0.043000
643376,"Jansen, Danny",1203,-0.022670,-0.050714,0.006859,-3.408968,-7.626129,1.031349,0.062000
606992,"Haase, Eric",1324,-0.023260,-0.048944,0.003392,-3.849591,-8.100268,0.561303,0.043000
657709,,352,-0.023925,-0.066847,0.018728,-1.052681,-2.941247,0.824050,0.140000
592407,,102,-0.024171,-0.083190,0.032066,-0.308176,-1.060676,0.408846,0.213000
656627,,69,-0.026674,-0.093237,0.033734,-0.230065,-0.804172,0.290954,0.192000
553902,,56,-0.027321,-0.094307,0.039577,-0.191247,-0.660149,0.277042,0.210000
642136,"Thaiss, Matt",125,-0.027335,-0.082525,0.028090,-0.427107,-1.289454,0.438900,0.178000
669127,"Langeliers, Shea",173,-0.027470,-0.079908,0.021370,-0.594039,-1.728000,0.462133,0.154000
435559,"Suzuki, Kurt",1157,-0.028558,-0.054896,-0.001601,-4.130186,-7.939401,-0.231533,0.020000
608422,,192,-0.028840,-0.078074,0.022562,-0.692170,-1.873765,0.541495,0.124000
664731,,320,-0.029216,-0.072639,0.016281,-1.168650,-2.905561,0.651254,0.103000
642336,"Mejía, Francisco",1347,-0.032052,-0.058925,-0.004975,-5.396751,-9.921508,-0.837644,0.009000
665561,,151,-0.032651,-0.085207,0.014778,-0.616278,-1.608275,0.278943,0.109000
521692,"Perez, Salvador",2142,-0.033180,-0.058989,-0.009900,-8.884024,-15.794341,-2.650722,0.002000
656024,,61,-0.034235,-0.103499,0.029128,-0.261041,-0.789180,0.222101,0.163000
460077,,125,-0.035606,-0.091182,0.015365,-0.556347,-1.424721,0.240082,0.098000
641924,,32,-0.036225,-0.103447,0.032310,-0.144898,-0.413789,0.129241,0.145000
681351,"O'Hoppe, Logan",40,-0.037093,-0.109649,0.025731,-0.185466,-0.548247,0.128657,0.140000
425784,,247,-0.037371,-0.083415,0.011141,-1.153838,-2.575438,0.343979,0.064000
686676,,62,-0.041408,-0.105811,0.021446,-0.320911,-0.820039,0.166209,0.101000
620443,,701,-0.050376,-0.082027,-0.016044,-4.414222,-7.187589,-1.405847,0.002000
488671,,261,-0.053217,-0.100295,-0.002672,-1.736198,-3.272111,-0.087169,0.021000
596117,"Stubbs, Garrett",444,-0.058552,-0.096814,-0.023232,-3.249641,-5.373189,-1.289365,0.003000
641470,"Collins, Zack",715,-0.058893,-0.094506,-0.024491,-5.263544,-8.446454,-2.188849,0.000000
642082,,203,-0.068147,-0.120208,-0.012756,-1.729226,-3.050268,-0.323675,0.006000
656180,"Adams, Riley",783,-0.068959,-0.100067,-0.037475,-6.749392,-9.794078,-3.667818,0.000000
455139,"Chirinos, Robinson",893,-0.069908,-0.097526,-0.039804,-7.803527,-10.886386,-4.443166,0.000000
669004,"Melendez, MJ",767,-0.091449,-0.123227,-0.061167,-8.767631,-11.814416,-5.864368,0.000000
669450,,158,-0.098254,-0.152849,-0.047033,-1.940515,-3.018776,-0.928899,0.000000
