catcher,called_pitches,extra_strikes_model,catcher_effect,framing_runs_model,name
624431,15799,320.744327,0.397725,40.093041,"Trevino, Jose"
641680,20171,299.482980,0.291572,37.435373,"Heim, Jonah"
595978,16629,246.315456,0.283804,30.789432,"Hedges, Austin"
663728,17356,218.282151,0.248749,27.285269,"Raleigh, Cal"
669221,22284,214.551766,0.188286,26.818971,"Murphy, Sean"
668939,13161,169.866113,0.255725,21.233264,"Rutschman, Adley"
518595,14915,163.776629,0.211615,20.472079,"d'Arnaud, Travis"
621512,10173,146.082240,0.292743,18.260280,"Nido, Tomás"
518735,15369,145.770458,0.191032,18.221307,"Grandal, Yasmani"
543309,14021,143.199229,0.202514,17.899904,"Higashioka, Kyle"
672275,6038,136.815593,0.434150,17.101949,"Bailey, Patrick"
543877,21962,132.685077,0.118330,16.585635,"Vázquez, Christian"
672386,13765,132.189274,0.190111,16.523659,"Kirk, Alejandro"
664874,9861,130.217215,0.277064,16.277152,"Zavala, Seby"
572287,11300,127.676307,0.220150,15.959538,"Zunino, Mike"
545358,12243,124.600537,0.201754,15.575067,"Stassi, Max"
682626,7518,108.118934,0.294358,13.514867,"Alvarez, Francisco"
553882,16484,103.243654,0.126230,12.905457,"Narváez, Omar"
425877,13460,94.623987,0.131626,11.827998,"Molina, Yadier"
571466,15973,90.000050,0.109309,11.250006,"Barnhart, Tucker"
624512,13254,89.171642,0.135075,11.146455,"McGuire, Reese"
595956,6769,88.113133,0.243677,11.014142,"Gallagher, Cam"
641511,7586,80.710517,0.209783,10.088815,"Delay, Jason"
605131,10110,79.281369,0.145998,9.910171,"Barnes, Austin"
669257,22211,77.087840,0.067538,9.635980,"Smith, Will"
661531,4366,75.337832,0.336988,9.417229,"Serven, Brian"
668670,8992,65.009034,0.141601,8.126129,"Rogers, Jake"
663743,10373,61.703438,0.116757,7.712930,"Fortes, Nick"
607732,19402,55.378569,0.055687,6.922321,"Stallings, Jacob"
605170,16654,44.525331,0.050615,5.565666,"Caratini, Victor"
543510,13951,43.012352,0.062242,5.376544,"McCann, James"
623168,4552,38.683059,0.167010,4.835382,"Heineman, Tyler"
547379,4507,37.639144,0.165843,4.704893,"Pérez, Roberto"
666310,4236,33.288605,0.149923,4.161076,"Naylor, Bo"
608700,6156,30.616888,0.092742,3.827111,"Plawecki, Kevin"
650907,3498,29.484938,0.161890,3.685617,
605244,4499,28.490252,0.125155,3.561281,"Garcia, Aramis"
666163,3792,28.385769,0.153285,3.548221,
641598,6499,23.290916,0.069492,2.911364,"Garver, Mitch"
666165,3212,22.723572,0.138252,2.840447,"Sabol, Blake"
665804,2391,20.520713,0.171816,2.565089,"Amaya, Miguel"
666023,4288,20.084947,0.093808,2.510618,"Fermin, Freddy"
506702,5904,19.774712,0.063053,2.471839,"León, Sandy"
668663,3274,19.765205,0.114882,2.470651,
624513,5844,19.675598,0.061763,2.459450,"Nuñez, Dom"
595751,8469,18.701868,0.042012,2.337733,"Alfaro, Jorge"
457763,6801,18.201131,0.052113,2.275141,"Posey, Buster"
542194,9163,17.179143,0.036579,2.147393,"Bethancourt, Christian"
642851,9623,15.708662,0.031394,1.963583,"Wynns, Austin"
595453,5220,15.518606,0.062697,1.939826,"Wallach, Chad"
592663,26185,15.120396,0.010966,1.890049,"Realmuto, J.T."
680777,13749,14.322770,0.020180,1.790346,"Jeffers, Ryan"
621532,1988,13.157744,0.119465,1.644718,
444489,4101,10.770520,0.051939,1.346315,"Piña, Manny"
664850,2722,9.963090,0.074801,1.245386,
607345,1883,9.747775,0.098886,1.218472,
661388,15058,9.415086,0.012180,1.176886,"Contreras, William"
669134,3940,8.706660,0.041290,1.088333,"Campusano, Luis"
668721,1068,8.614456,0.154473,1.076807,
650619,1488,7.987092,0.105352,0.998386,
547172,540,7.237220,0.242294,0.904653,
669087,2151,5.162311,0.048703,0.645289,
643348,467,4.861024,0.197985,0.607628,
596142,17151,4.562700,0.005298,0.570338,"Sánchez, Gary"
671056,1244,4.171592,0.068916,0.521449,
665861,1579,3.391620,0.041139,0.423952,
682848,3361,3.016522,0.017674,0.377065,"Rodríguez, Endy"
657709,2275,1.401920,0.011744,0.175240,
593590,1375,1.294083,0.016644,0.161760,
663698,7642,1.243440,0.003204,0.155430,"Bart, Joey"
542963,327,1.188978,0.066959,0.148622,
682515,671,1.182798,0.039112,0.147850,
543089,164,1.016204,0.110131,0.127025,
669224,1355,0.952436,0.015172,0.119054,
644433,711,0.406994,0.012733,0.050874,
666128,110,0.209881,0.033545,0.026235,
650968,156,0.175014,0.022479,0.021877,
645305,64,0.120858,0.038970,0.015107,
606213,23,0.103650,0.078093,0.012956,
667674,11,0.014462,0.034270,0.001808,
656883,10,0.007995,0.018248,0.000999,
641929,14,0.002686,0.004070,0.000336,
665154,9,0.001045,0.006138,0.000131,
665066,22,0.000539,0.000605,0.000067,
656494,9,0.000507,0.000834,0.000063,
680779,20,-0.016690,-0.014936,-0.002086,
621493,21,-0.021110,-0.020895,-0.002639,
664848,7,-0.042410,-0.053771,-0.005301,
642165,23,-0.085764,-0.060172,-0.010721,
425772,218,-0.301941,-0.024801,-0.037743,
680418,179,-0.413829,-0.046781,-0.051729,
608360,359,-0.426442,-0.022426,-0.053305,
663967,348,-0.668922,-0.043372,-0.083615,
681526,305,-0.855705,-0.054935,-0.106963,
641924,214,-0.916656,-0.081320,-0.114582,
624419,140,-0.964527,-0.110593,-0.120566,
543432,521,-1.142745,-0.042120,-0.142843,
672832,287,-1.183487,-0.069182,-0.147936,
664119,351,-1.239885,-0.063536,-0.154986,
602080,164,-1.442675,-0.194865,-0.180334,
543308,374,-1.899677,-0.093957,-0.237460,
686452,646,-1.926484,-0.062681,-0.240810,
657247,363,-1.994687,-0.101598,-0.249336,
642020,1476,-2.058606,-0.028389,-0.257326,
553902,357,-2.876647,-0.150308,-0.359581,
571912,8644,-3.135761,-0.007193,-0.391970,"Maile, Luke"
446653,257,-3.794199,-0.238286,-0.474275,
643376,12592,-3.997698,-0.006165,-0.499712,"Jansen, Danny"
518960,381,-4.091272,-0.192896,-0.511409,
656627,502,-4.225961,-0.163064,-0.528245,
608422,1202,-4.229952,-0.065990,-0.528744,
606988,1973,-4.466831,-0.043538,-0.558354,
519390,5012,-4.617184,-0.017068,-0.577148,"Vogt, Stephen"
519222,4090,-6.881504,-0.032532,-0.860188,"Romine, Austin"
608596,8971,-7.469238,-0.016118,-0.933655,"Murphy, Tom"
572863,1553,-7.700814,-0.089878,-0.962602,
592407,710,-8.160226,-0.218953,-1.020028,
673237,3327,-8.839608,-0.059520,-1.104951,"Diaz, Yainer"
664731,2328,-9.475390,-0.082055,-1.184424,
642136,5731,-9.518606,-0.033211,-1.189826,"Thaiss, Matt"
665561,981,-11.546768,-0.222686,-1.443346,
691016,1087,-11.604558,-0.201599,-1.450570,
425784,1758,-11.903674,-0.133805,-1.487959,
686676,2208,-12.257825,-0.111210,-1.532228,
543228,17853,-12.373984,-0.013480,-1.546748,"Gomes, Yan"
460077,868,-12.909401,-0.292053,-1.613675,
681807,920,-12.977203,-0.272255,-1.622150,
455117,23416,-14.254464,-0.011891,-1.781808,"Maldonado, Martín"
656024,1363,-14.266564,-0.203670,-1.783321,
664954,1815,-16.940962,-0.176552,-2.117620,
488671,1808,-18.051477,-0.192074,-2.256435,
669450,999,-20.799304,-0.396331,-2.599913,
656577,2678,-21.888586,-0.167969,-2.736073,
467092,2325,-21.950299,-0.179328,-2.743787,
488771,4472,-22.169361,-0.095198,-2.771170,"Castro, Jason"
642082,1475,-22.667925,-0.282585,-2.833491,
595284,3592,-24.361606,-0.125393,-3.045201,"Knapp, Andrew"
672515,7917,-27.612106,-0.070192,-3.451513,"Moreno, Gabriel"
542208,2315,-27.989581,-0.235389,-3.498698,
662139,4105,-28.408414,-0.128819,-3.551052,"Varsho, Daulton"
663886,14141,-33.961941,-0.047205,-4.245243,"Stephenson, Tyler"
592200,8908,-34.297482,-0.073032,-4.287185,"Casali, Curt"
657136,9009,-35.779169,-0.077379,-4.472396,"Wong, Connor"
608348,15040,-36.119676,-0.045068,-4.514960,"Kelly, Carson"
543592,12970,-40.988389,-0.060209,-5.123549,"Nola, Austin"
681351,4008,-41.900386,-0.216837,-5.237548,"O'Hoppe, Logan"
645444,5658,-46.850819,-0.157818,-5.856352,"Herrera, Jose"
606992,13240,-47.110027,-0.069479,-5.888753,"Haase, Eric"
605421,7063,-48.039457,-0.128587,-6.004932,"Pérez, Michael"
600474,7826,-56.935179,-0.134112,-7.116897,"Severino, Pedro"
596117,5200,-59.337744,-0.219434,-7.417218,"Stubbs, Garrett"
435559,7748,-61.807727,-0.155931,-7.725966,"Suzuki, Kurt"
575929,19460,-63.684911,-0.062272,-7.960614,"Contreras, Willson"
620443,4730,-68.147501,-0.269997,-8.518438,
669127,10179,-72.782629,-0.141478,-9.097829,"Langeliers, Shea"
668800,13771,-75.040623,-0.101929,-9.380078,"Knizner, Andrew"
642336,12077,-77.175204,-0.125067,-9.646901,"Mejía, Francisco"
660688,18127,-87.260213,-0.094683,-10.907527,"Ruiz, Keibert"
641470,4920,-87.995310,-0.345819,-10.999414,"Collins, Zack"
455139,5890,-100.008927,-0.325310,-12.501116,"Chirinos, Robinson"
553869,21811,-108.822622,-0.094242,-13.602828,"Díaz, Elias"
669004,5473,-122.474794,-0.426665,-15.309349,"Melendez, MJ"
656180,7877,-125.426093,-0.303851,-15.678262,"Adams, Riley"
521692,20027,-223.778538,-0.215580,-27.972317,"Perez, Salvador"
