season,pitches,baseline,recal_intercept,recal_slope,mean_resid,n_catchers,r_savant,corr_runs_vs_pitches,corr_savant_vs_pitches
2023,all,train_only,0.000000,1.000000,-0.007682,63,0.958197,-0.384413,-0.140724
2023,all,intercept,-0.143723,1.000000,-0.000000,63,0.989270,-0.155860,-0.140724
2023,all,intercept_slope,-0.147152,1.033938,0.000007,63,0.989456,-0.155719,-0.140724
2023,shadow,train_only,0.000000,1.000000,-0.028370,63,0.936064,-0.370414,-0.148493
2023,shadow,intercept,-0.131354,1.000000,0.000000,63,0.960122,-0.162279,-0.148493
2023,shadow,intercept_slope,-0.135203,1.119496,-0.000000,63,0.959950,-0.163097,-0.148493
2024,all,train_only,0.000000,1.000000,-0.006442,58,0.957804,-0.121976,0.136301
2024,all,intercept,-0.119128,1.000000,-0.000000,58,0.990256,0.107570,0.136301
2024,all,intercept_slope,-0.121990,1.043043,-0.000005,58,0.990506,0.108857,0.136301
2024,shadow,train_only,0.000000,1.000000,-0.027140,58,0.917174,-0.152698,0.133466
2024,shadow,intercept,-0.125729,1.000000,0.000000,58,0.956880,0.089274,0.133466
2024,shadow,intercept_slope,-0.128712,1.114321,0.000000,58,0.956449,0.086181,0.133466
2025,all,train_only,0.000000,1.000000,-0.025688,57,0.672154,-0.590511,0.183531
2025,all,intercept,-0.468208,1.000000,-0.000000,57,0.987794,0.200393,0.183531
2025,all,intercept_slope,-0.509327,1.100228,0.000045,57,0.988301,0.201361,0.183531
2025,shadow,train_only,0.000000,1.000000,-0.108998,57,0.647415,-0.602214,0.180221
2025,shadow,intercept,-0.511771,1.000000,0.000000,57,0.963523,0.161442,0.180221
2025,shadow,intercept_slope,-0.533774,1.174486,-0.000029,57,0.963663,0.161150,0.180221
