fit,min_shadow_pitches,n_catchers,intervals_excluding_zero,share_excluding_zero,pairs_total,pairs_resolved_95,share_pairs_resolved,p_rank1_gt_rank2,p_rank1_gt_rank10,adjacent_pairs,adjacent_p_below_0_6,adjacent_p_median
2023_holdout,0,102,27,0.264706,5151,1405,0.272763,0.982000,0.989000,101,99,0.515000
2023_holdout,500,49,20,0.408163,1176,553,0.470238,0.982000,0.996000,48,42,0.542000
2023_holdout,1000,15,8,0.533333,105,58,0.552381,0.827000,1.000000,14,6,0.622000
2021_2022_train,0,148,34,0.229730,10878,2795,0.256941,0.774000,0.985000,147,142,0.511000
2021_2022_train,500,73,30,0.410959,2628,1272,0.484018,0.774000,0.996000,72,64,0.523000
2021_2022_train,1000,44,20,0.454545,946,483,0.510571,0.774000,0.997000,43,34,0.535000
2024_holdout,0,100,20,0.200000,4950,1157,0.233737,0.652000,0.979000,99,95,0.512000
2024_holdout,500,46,16,0.347826,1035,455,0.439614,0.652000,0.976000,45,38,0.537000
2024_holdout,1000,18,6,0.333333,153,67,0.437908,0.854000,1.000000,17,11,0.579000
2025_holdout,0,110,18,0.163636,5995,1105,0.184320,0.699000,0.995000,109,104,0.508000
2025_holdout,500,47,12,0.255319,1081,451,0.417206,0.699000,0.999000,46,39,0.533000
2025_holdout,1000,16,6,0.375000,120,68,0.566667,0.910000,1.000000,15,6,0.609000
