fit,group,tau_mean,tau_sd,tau_eti_lo,tau_eti_hi,eti_mass,p_umpire_gt_catcher
2023_holdout,catcher,0.200136,0.021474,0.163364,0.247001,0.950000,0.810750
2023_holdout,umpire,0.226379,0.020385,0.190108,0.270184,0.950000,
2023_holdout,pitcher,0.201930,0.021454,0.161709,0.244830,0.950000,
2021_2022_train,catcher,0.188293,0.017199,0.157426,0.225681,0.950000,0.463500
2021_2022_train,umpire,0.185712,0.015347,0.158500,0.218593,0.950000,
2021_2022_train,pitcher,0.181961,0.011977,0.158810,0.205583,0.950000,
2024_holdout,catcher,0.183080,0.020345,0.146701,0.225381,0.950000,0.915750
2024_holdout,umpire,0.222612,0.020148,0.187089,0.265493,0.950000,
2024_holdout,pitcher,0.198426,0.020648,0.159751,0.240186,0.950000,
2025_holdout,catcher,0.171730,0.018789,0.137669,0.210437,0.950000,0.737500
2025_holdout,umpire,0.188037,0.017585,0.155985,0.223722,0.950000,
2025_holdout,pitcher,0.177532,0.020517,0.138974,0.219241,0.950000,
