season_a,season_b,lag,n_catchers,hierarchical,residual_runs,hierarchical_spearman,residual_runs_spearman,diff_hier_minus_resid,diff_ci_lo,diff_ci_hi,n_boot
2021,2022,1,46,0.684139,0.636651,0.637373,0.607647,0.047489,-0.007412,0.100983,8000
2022,2023,1,47,0.544962,0.544413,0.579672,0.572387,0.000549,-0.074432,0.084797,8000
2023,2024,1,48,0.595545,0.619684,0.588906,0.580439,-0.024139,-0.107275,0.070379,8000
2024,2025,1,46,0.569496,0.616573,0.568671,0.597533,-0.047076,-0.109880,0.023551,8000
2021,2023,2,41,0.223720,0.267893,0.199652,0.207666,-0.044173,-0.133892,0.074607,8000
2022,2024,2,38,0.539248,0.482601,0.468870,0.417879,0.056646,-0.030230,0.138838,8000
2023,2025,2,40,0.590628,0.564746,0.533021,0.495685,0.025883,-0.055444,0.103466,8000
2021,2024,3,33,0.091742,0.019725,-0.046791,-0.141043,0.072017,-0.112953,0.238998,8000
2022,2025,3,32,0.466050,0.460057,0.572581,0.520161,0.005992,-0.057913,0.081573,8000
2021,2025,4,30,0.189180,0.157046,0.220022,0.105673,0.032134,-0.050798,0.147258,8000
